Resume,Score,Rank
resume .pdf,17.850988512030536,1
FAZALSHAIKHNEW.pdf,13.279646859969196,2
